{"0": [0.3520464532730835, 0.08946639986388714], "1": [0.17856714697539539, 0.09774194008862817], "2": [-0.0324603175092939, 0.046558976835376915], "3": [0.2682786706219279, -0.023614905175721686], "4": [0.6468308568962912, 0.1995877985602794], "5": [0.7880222670905223, 0.20255733297410594], "6": [0.7350803098408952, 0.3064625854883636], "7": [0.21102374178191538, 0.19061618244595932], "8": [-0.019073974123428053, -0.13046098601360714], "10": [0.7112178068515953, 0.07479688199269817], "11": [0.6734056940815062, -0.12487198623312978], "12": [0.4844566294877784, -0.14052389495929585], "13": [0.09864322406508177, -0.08263923570889106], "17": [0.312021739963871, 0.3564776554804703], "19": [0.04922824603745247, 0.0036575999377131576], "21": [0.41675825389061055, 0.2793963311816398], "31": [-0.18500354340178352, 0.14270284203231665], "30": [-0.1042183016856513, -0.16422392466554103], "9": [-0.2992437200092134, -0.00023119903071458758], "27": [-0.3798706811153292, 0.15663568772331574], "28": [-0.2759268388986805, 0.11407843451093476], "32": [-0.32949745266497765, -0.20611848992469153], "16": [1.0, 0.3543153396122242], "33": [-0.3257984919518522, -0.14444134198935318], "14": [-0.2566387247572288, -0.4347966966501142], "15": [-0.5457306492549279, -0.3780852320046096], "18": [-0.3633156768773807, -0.46207512393539835], "20": [-0.5692376314647607, -0.2772245694465082], "22": [-0.46155255166318915, -0.4308308774691225], "23": [-0.5324358082643286, 0.027261295334113523], "25": [-0.5160823455135889, 0.2920212938262366], "29": [-0.5949147439558727, -0.1311722608830206], "24": [-0.4048794056069446, 0.3934551137905484], "26": [-0.7297001821394946, -0.1964789675890908]}